INSERT INTO USER (ID, EMAIL, PASSWORD) VALUES (1,'logged@user.com', 'password')

INSERT INTO FLIGHT (ID, DEPARTURE_LOCATION, ARRIVAL_LOCATION) VALUES (100, 'Warszawa', 'Wroclaw')
INSERT INTO FLIGHT (ID, DEPARTURE_LOCATION, ARRIVAL_LOCATION) VALUES (101, 'Wroclaw', 'Warszawa')
INSERT INTO FLIGHT (ID, DEPARTURE_LOCATION, ARRIVAL_LOCATION) VALUES (102, 'Berlin', 'Wroclaw')
INSERT INTO FLIGHT (ID, DEPARTURE_LOCATION, ARRIVAL_LOCATION) VALUES (103, 'Wroclaw', 'Berlin')
INSERT INTO FLIGHT (ID, DEPARTURE_LOCATION, ARRIVAL_LOCATION) VALUES (104, 'Warszawa', 'Berlin')
INSERT INTO FLIGHT (ID, DEPARTURE_LOCATION, ARRIVAL_LOCATION) VALUES (105, 'Berlin', 'Warszawa')

INSERT INTO FLIGHT_DEPARTURE (ID, DEPARTURE_DATE, FLIGHT_ID) VALUES (1000, '2019-01-01 10:10:10', 100)
INSERT INTO FLIGHT_DEPARTURE (ID, DEPARTURE_DATE, FLIGHT_ID) VALUES (1001, '2019-01-01 10:10:10', 101)
INSERT INTO FLIGHT_DEPARTURE (ID, DEPARTURE_DATE, FLIGHT_ID) VALUES (1002, '2019-01-01 10:10:10', 102)
INSERT INTO FLIGHT_DEPARTURE (ID, DEPARTURE_DATE, FLIGHT_ID) VALUES (1003, '2019-01-01 10:10:10', 103)
INSERT INTO FLIGHT_DEPARTURE (ID, DEPARTURE_DATE, FLIGHT_ID) VALUES (1004, '2019-01-01 10:10:10', 104)

INSERT INTO RESERVATION (ID, PAID, EXPIRING_DATE) VALUES (100001, false, '2055-01-01 10:10:10')
INSERT INTO RESERVATION (ID, PAID, EXPIRING_DATE) VALUES (100002, true, null)

INSERT INTO AVAILABLE_DEPARTURE_SEAT (ID, PRICE_IN_PLN, FLIGHT_DEPARTURE_ID, RESERVATION_ID) VALUES (10002, 50, 1001, null)
INSERT INTO AVAILABLE_DEPARTURE_SEAT (ID, PRICE_IN_PLN, FLIGHT_DEPARTURE_ID, RESERVATION_ID) VALUES (10003, 10, 1001, null)
INSERT INTO AVAILABLE_DEPARTURE_SEAT (ID, PRICE_IN_PLN, FLIGHT_DEPARTURE_ID, RESERVATION_ID) VALUES (10004, 50, 1002, null)
INSERT INTO AVAILABLE_DEPARTURE_SEAT (ID, PRICE_IN_PLN, FLIGHT_DEPARTURE_ID, RESERVATION_ID) VALUES (10005, 50, 1002, null)
INSERT INTO AVAILABLE_DEPARTURE_SEAT (ID, PRICE_IN_PLN, FLIGHT_DEPARTURE_ID, RESERVATION_ID) VALUES (10006, 50, 1003, null)
INSERT INTO AVAILABLE_DEPARTURE_SEAT (ID, PRICE_IN_PLN, FLIGHT_DEPARTURE_ID, RESERVATION_ID) VALUES (10007, 20, 1003, null)
INSERT INTO AVAILABLE_DEPARTURE_SEAT (ID, PRICE_IN_PLN, FLIGHT_DEPARTURE_ID, RESERVATION_ID) VALUES (10008, 50, 1004, 100001)